Start,End,Peptide,Peptide_Length,Num_Modifications,Calculated_MZ,Experimental_MZ,Charge,Mascot_Score,Percolator_Q_Value,Percolator_PEP,esm_result
78,92,GDIGETGVPGAEGPR,15,1,858.44692,858.4462,2,40.76,0.000317042,8.40378e-05,0.325240820646286
778,794,GDGGPPGMTGFPGAAGR,17,2,911.4464085,911.4457,2,21.42,0.00137579,0.00721083,0.43590134382247925
265,282,GEIGAVGNAGPAGPAGPR,18,1,926.5025535,926.5007,2,91.77,0.0,6.65126e-10,0.3176385164260864
265,282,GEIGAVGNAGPAGPAGPR,18,1,618.004127666667,618.0037,3,57.95,0.0,1.60282e-06,0.3176385164260864
224,236,SLILLDLSYNHLR,13,1,621.033124333333,621.0305,3,30.88,0.000317042,0.00081634,0.2448393851518631
224,236,SLILLDLSYNHLR,13,1,931.0460485,931.0443,2,45.35,0.000217101,2.92016e-05,0.2448393851518631
971,984,GFPGLPGPSGEPGK,14,2,635.694521666667,635.6907,3,18.38,0.00244909,0.0145188,0.5066815614700317
971,984,GFPGLPGPSGEPGK,14,2,953.0381445,953.0367,2,24.77,0.000900728,0.00333351,0.5066815614700317
321,338,GEAGPTGPMGAMGPLGPR,18,1,979.000478,978.9966,2,32.97,0.000317042,0.000504841,0.17240886390209198
321,338,GEAGPTGPMGAMGPLGPR,18,1,653.002744,653.0031,3,52.18,0.0,6.04702e-06,0.17240886390209198
613,631,DGEAGAQGPPGPAGPAGER,19,1,665.665952,665.6646,3,41.05,0.000317042,7.84849e-05,0.4355267584323883
613,631,DGEAGAQGPPGPAGPAGER,19,1,665.665952,665.665,3,41.27,0.000317042,7.46824e-05,0.4355267584323883
613,631,DGEAGAQGPPGPAGPAGER,19,1,997.99529,997.994,2,75.81,0.0,2.62662e-08,0.4355267584323883
613,631,DGEAGAQGPPGPAGPAGER,19,1,665.665952,665.6653,3,58.05,0.0,1.56582e-06,0.4355267584323883
534,548,EGVYTVFAPTNEAFR,15,1,669.015922666667,669.0154,3,45.54,0.000217101,2.79444e-05,0.5008907914161682
534,548,EGVYTVFAPTNEAFR,15,1,669.015922666667,669.0161,3,55.41,0.0,2.87412e-06,0.5008907914161682
1350,1367,GEQGFMGNTGPTGAVGDR,18,1,1027.9969915,1027.9913,2,77.74,0.0,1.68382e-08,0.947540283203125
1350,1367,GEQGFMGNTGPTGAVGDR,18,1,685.667086333333,685.6641,3,49.48,0.0,1.12719e-05,0.947540283203125
2683,2697,LHQMSVADSGEYVCR,15,3,691.332929,691.3328,3,47.57,0.0,1.75051e-05,0.2632301449775696
995,1014,GPPGPMGPPGLAGPPGESGR,20,1,697.031583333333,697.0327,3,56.33,0.0,2.32599e-06,0.8627196550369263
224,236,SLILLDLSYNHLR,13,2,722.434908666667,722.4349,3,41.44,0.000317042,7.17574e-05,0.2448393851518631
494,510,GALISDQWVLTAAHCFR,17,2,750.398262,750.3979,3,36.22,0.000317042,0.00023859,0.23360221087932587
1063,1084,SGDRGETGPAGPAGPVGPVGAR,22,1,756.066236,756.0618,3,39.69,0.000317042,0.000107421,0.8878052234649658
1063,1084,SGDRGETGPAGPAGPVGPVGAR,22,1,1133.595716,1133.5901,2,18.84,0.00227833,0.0130689,0.8878052234649658
1063,1084,SGDRGETGPAGPAGPVGPVGAR,22,1,756.066236,756.0652,3,55.03,0.0,3.13694e-06,0.8878052234649658
1063,1084,SGDRGETGPAGPAGPVGPVGAR,22,1,756.066236,756.0653,3,26.89,0.000490081,0.00204467,0.8878052234649658
1063,1084,SGDRGETGPAGPAGPVGPVGAR,22,1,1133.595716,1133.5945,2,19.72,0.00226768,0.0106556,0.8878052234649658
1063,1084,SGDRGETGPAGPAGPVGPVGAR,22,1,567.301496,567.3046,4,13.46,0.00522627,0.0451161,0.8878052234649658
138,153,EFADSLGIPFLETSAK,16,2,1167.1460625,1167.1433,2,81.45,0.0,7.16036e-09,0.17390309274196625
90,110,GDSGGPLLCAGVAQGIVSYGR,21,2,1169.6099755,1169.6089,2,138.44,0.0,1.43104e-14,0.2157541811466217
90,110,GDSGGPLLCAGVAQGIVSYGR,21,2,780.075742333333,780.0751,3,57.18,0.0,1.91276e-06,0.2157541811466217
90,110,GDSGGPLLCAGVAQGIVSYGR,21,2,1169.6099755,1169.6111,2,69.47,0.0,1.12896e-07,0.2157541811466217
90,110,GDSGGPLLCAGVAQGIVSYGR,21,2,1169.6099755,1169.6165,2,71.53,0.0,7.03696e-08,0.2157541811466217
935,958,GSPGADGPAGAPGTPGPQGIAGQR,24,1,1189.11173,1189.1132,2,52.57,0.0,5.53702e-06,0.9355474710464478
141,161,DVAPGTLCDVAGWGIVNHAGR,21,2,823.758527333333,823.7547,3,63.25,0.0,4.72972e-07,0.2674039602279663
73,91,ENLIYTYIGPVLVSVNPYR,19,1,1257.699094,1257.6975,2,13.74,0.00494782,0.0422878,0.29182493686676025
73,91,ENLIYTYIGPVLVSVNPYR,19,1,838.801821333333,838.8022,3,54.28,0.0,3.72944e-06,0.29182493686676025
1233,1252,DVVFLIDGSQSAGPEFQYVR,20,1,844.440966333333,844.4379,3,56.18,0.0,2.41015e-06,0.6685166954994202
1233,1252,DVVFLIDGSQSAGPEFQYVR,20,1,844.440966333333,844.4387,3,25.42,0.000659472,0.00286779,0.6685166954994202
1233,1252,DVVFLIDGSQSAGPEFQYVR,20,1,844.440966333333,844.4388,3,36.54,0.000317042,0.000222045,0.6685166954994202
1233,1252,DVVFLIDGSQSAGPEFQYVR,20,1,844.440966333333,844.4388,3,60.79,0.0,8.34289e-07,0.6685166954994202
1233,1252,DVVFLIDGSQSAGPEFQYVR,20,1,1266.1578115,1266.1547,2,38.59,0.000317042,0.000138429,0.6685166954994202
1233,1252,DVVFLIDGSQSAGPEFQYVR,20,1,844.440966333333,844.4389,3,18.6,0.00232819,0.0138133,0.6685166954994202
1233,1252,DVVFLIDGSQSAGPEFQYVR,20,1,844.440966333333,844.4389,3,41.82,0.000317042,6.57728e-05,0.6685166954994202
1233,1252,DVVFLIDGSQSAGPEFQYVR,20,1,633.58254375,633.5812,4,41.77,0.000317042,6.651e-05,0.6685166954994202
1233,1252,DVVFLIDGSQSAGPEFQYVR,20,1,844.440966333333,844.4398,3,54.38,0.0,3.64699e-06,0.6685166954994202
1233,1252,DVVFLIDGSQSAGPEFQYVR,20,1,844.440966333333,844.4398,3,33.51,0.000317042,0.000445382,0.6685166954994202
1233,1252,DVVFLIDGSQSAGPEFQYVR,20,1,844.440966333333,844.4398,3,26.03,0.000490081,0.00249543,0.6685166954994202
1233,1252,DVVFLIDGSQSAGPEFQYVR,20,1,844.440966333333,844.44,3,22.7,0.00125363,0.00537143,0.6685166954994202
1233,1252,DVVFLIDGSQSAGPEFQYVR,20,1,844.440966333333,844.44,3,26.45,0.000490081,0.00226721,0.6685166954994202
1233,1252,DVVFLIDGSQSAGPEFQYVR,20,1,844.440966333333,844.44,3,55.74,0.0,2.66748e-06,0.6685166954994202
1233,1252,DVVFLIDGSQSAGPEFQYVR,20,1,844.440966333333,844.4409,3,29.84,0.000317042,0.0010377,0.6685166954994202
1233,1252,DVVFLIDGSQSAGPEFQYVR,20,1,1266.1578115,1266.158,2,48.45,0.0,1.42954e-05,0.6685166954994202
1233,1252,DVVFLIDGSQSAGPEFQYVR,20,1,844.440966333333,844.4413,3,30.95,0.000317042,0.000803287,0.6685166954994202
1233,1252,DVVFLIDGSQSAGPEFQYVR,20,1,1266.1578115,1266.1597,2,35.03,0.000317042,0.000313837,0.6685166954994202
1233,1252,DVVFLIDGSQSAGPEFQYVR,20,1,844.440966333333,844.4436,3,13.72,0.00494782,0.0424444,0.6685166954994202
1233,1252,DVVFLIDGSQSAGPEFQYVR,20,1,844.440966333333,844.445,3,34.7,0.000317042,0.000338825,0.6685166954994202
950,969,TTLTGLRPGTEYGIGVSAVK,20,2,876.844205333333,876.8422,3,22.8,0.00125363,0.00524439,0.2297901064157486
213,233,GSELWLGVDALGLNIYEQNDR,21,1,889.462415,889.462,3,65.91,0.0,2.56379e-07,0.43234074115753174
1232,1252,RDVVFLIDGSQSAGPEFQYVR,21,1,896.474668,896.4747,3,20.84,0.00150385,0.00823722,0.5933559536933899
130,150,GSFTYFAPSNEAWDNLDSDIR,21,1,1355.1403325,1355.1385,2,23.39,0.00125363,0.00458613,0.6327301859855652
1619,1641,LPGDIQVVPIGVGPNANVQELER,23,1,906.841235,906.8415,3,27.79,0.000409476,0.00166154,0.667452871799469
199,219,GDSGGPLLCNNVAHGIVSYGK,21,3,908.484682666667,908.483,3,59.33,0.0,1.16565e-06,0.37244153022766113
1233,1252,DVVFLIDGSQSAGPEFQYVR,20,2,709.633882,709.6299,4,25.26,0.000659472,0.00297603,0.6685166954994202
1233,1252,DVVFLIDGSQSAGPEFQYVR,20,2,945.842750666667,945.8411,3,50.22,0.0,9.5129e-06,0.6685166954994202
1233,1252,DVVFLIDGSQSAGPEFQYVR,20,2,945.842750666667,945.8421,3,50.26,0.0,9.42386e-06,0.6685166954994202
1233,1252,DVVFLIDGSQSAGPEFQYVR,20,2,945.842750666667,945.8424,3,16.85,0.00302199,0.0206722,0.6685166954994202
1233,1252,DVVFLIDGSQSAGPEFQYVR,20,2,945.842750666667,945.846,3,59.22,0.0,1.19787e-06,0.6685166954994202
748,777,GENGVVGPTGPVGAAGPAGPNGPPGPAGSR,30,1,952.494911333333,952.4871,3,19.73,0.00226768,0.0106516,0.9957473874092102
523,542,ELLTQPGDWTLFVPTNDAFK,20,2,967.526654666667,967.5222,3,34.2,0.000317042,0.000379953,0.33420178294181824
523,542,ELLTQPGDWTLFVPTNDAFK,20,2,725.89681,725.8957,4,50.12,0.0,9.73554e-06,0.33420178294181824
523,542,ELLTQPGDWTLFVPTNDAFK,20,2,967.526654666667,967.5253,3,64.06,0.0,3.92746e-07,0.33420178294181824
523,542,ELLTQPGDWTLFVPTNDAFK,20,2,1450.786344,1450.7859,2,42.95,0.000317042,5.06756e-05,0.33420178294181824
4053,4074,ERPLNVFCDMETDGGGWLVFQR,22,2,977.47921,977.4747,3,39.45,0.000317042,0.000113392,0.3734939992427826
4053,4074,ERPLNVFCDMETDGGGWLVFQR,22,2,733.3612265,733.3607,4,44.61,0.000217101,3.45705e-05,0.3734939992427826
271,293,TLEGPVPLEVIVIDQNDNRPIFR,23,1,980.214958333333,980.2101,3,18.99,0.00227833,0.0126146,0.21043458580970764
271,293,TLEGPVPLEVIVIDQNDNRPIFR,23,1,980.214958333333,980.2149,3,17.29,0.00294027,0.0186611,0.21043458580970764
271,293,TLEGPVPLEVIVIDQNDNRPIFR,23,1,735.41303775,735.4142,4,59.93,0.0,1.01685e-06,0.21043458580970764
1009,1031,GVYSSDVFDIFPGTYQTLEMFPR,23,1,1487.2359365,1487.2332,2,27.88,0.000317042,0.00163025,0.22904308140277863
649,670,LKPDTPYTITVSSLYPDGEGGR,22,2,992.204236333333,992.2012,3,84.21,0.0,3.78894e-09,0.31046974658966064
649,670,LKPDTPYTITVSSLYPDGEGGR,22,2,744.40499625,744.403,4,26.38,0.000490081,0.00230137,0.31046974658966064
39,58,TFYEPGEEITYSCKPGYVSR,20,3,997.838783333333,997.8379,3,36.87,0.000317042,0.000205444,0.17670099437236786
28,51,AVAFQDCPVDLFFVLDTSESVALR,24,2,1001.85282133333,1001.8528,3,77.46,0.0,1.79458e-08,0.5342854261398315
356,377,DILATNGVIHYIDELLIPDSAK,22,2,1006.90388766667,1006.9016,3,40.84,0.000317042,8.23511e-05,0.5422221422195435
41,61,FGSYCPTTCGIADFLSTYQTK,21,4,1513.2484185,1513.238,2,14.44,0.00422006,0.0359889,0.36919236183166504
41,61,FGSYCPTTCGIADFLSTYQTK,21,4,757.12784725,757.1233,4,28.9,0.000317042,0.00128924,0.36919236183166504
41,61,FGSYCPTTCGIADFLSTYQTK,21,4,757.12784725,757.1251,4,27.06,0.000490081,0.00196773,0.36919236183166504
41,61,FGSYCPTTCGIADFLSTYQTK,21,4,1009.16803766667,1009.1649,3,41.94,0.000317042,6.39855e-05,0.36919236183166504
41,61,FGSYCPTTCGIADFLSTYQTK,21,4,757.12784725,757.1255,4,33.3,0.000317042,0.000467627,0.36919236183166504
41,61,FGSYCPTTCGIADFLSTYQTK,21,4,1513.2484185,1513.2451,2,57.56,0.0,1.75205e-06,0.36919236183166504
41,61,FGSYCPTTCGIADFLSTYQTK,21,4,1009.16803766667,1009.17,3,43.62,0.000217101,4.34526e-05,0.36919236183166504
382,406,HVIILMTDGLHNMGGDPITVIDEIR,25,1,766.66226725,766.66,4,47.13,0.0,1.93454e-05,0.6262465715408325
382,406,HVIILMTDGLHNMGGDPITVIDEIR,25,1,766.66226725,766.6601,4,41.79,0.000317042,6.62525e-05,0.6262465715408325
382,406,HVIILMTDGLHNMGGDPITVIDEIR,25,1,766.66226725,766.6615,4,54.92,0.0,3.22215e-06,0.6262465715408325
438,462,ERGPEEEHLGILGPVIWAEVGDTIR,25,1,769.9146705,769.915,4,26.0,0.000587667,0.00251006,0.2273494005203247
799,819,KAEEEHLGILGPQLHADVGDK,21,3,792.949945,792.947,4,43.35,0.000217101,4.62624e-05,0.24475254118442535
799,819,KAEEEHLGILGPQLHADVGDK,21,3,634.5614112,634.5599,5,25.91,0.000659472,0.0025649,0.24475254118442535
94,120,LFENQLVGPESIAHIGDVMFTGTADGR,27,1,795.4090665,795.4052,4,14.23,0.00444042,0.0377432,0.3656216263771057
94,120,LFENQLVGPESIAHIGDVMFTGTADGR,27,1,1060.20966333333,1060.2091,3,58.66,0.0,1.36025e-06,0.3656216263771057
422,443,MDWLVPATCEPIQSVFFFSGDK,22,3,1061.54321566667,1061.54,3,18.44,0.00239535,0.0143096,0.8514977693557739
422,443,MDWLVPATCEPIQSVFFFSGDK,22,3,1061.54321566667,1061.5411,3,26.36,0.000490081,0.0023127,0.8514977693557739
588,613,FLTHTHGLLGTLNNDPTDDFTLHSGR,26,1,637.5283178,637.527,5,52.95,0.0,5.07477e-06,0.28707632422447205
139,160,LVRPEVDVMCTAFHDNEETFLK,22,3,815.42413475,815.419,4,22.15,0.00125363,0.00608953,0.41367536783218384
139,160,LVRPEVDVMCTAFHDNEETFLK,22,3,1629.8409935,1629.8311,2,28.11,0.000317042,0.00154348,0.41367536783218384
139,160,LVRPEVDVMCTAFHDNEETFLK,22,3,815.42413475,815.42,4,15.18,0.00378903,0.0303155,0.41367536783218384
139,160,LVRPEVDVMCTAFHDNEETFLK,22,3,815.42413475,815.4209,4,21.92,0.00131561,0.00642957,0.41367536783218384
139,160,LVRPEVDVMCTAFHDNEETFLK,22,3,652.540763,652.5384,5,16.88,0.00302199,0.0205136,0.41367536783218384
139,160,LVRPEVDVMCTAFHDNEETFLK,22,3,815.42413475,815.4216,4,35.54,0.000317042,0.000279494,0.41367536783218384
139,160,LVRPEVDVMCTAFHDNEETFLK,22,3,815.42413475,815.4219,4,24.23,0.000900728,0.00377651,0.41367536783218384
139,160,LVRPEVDVMCTAFHDNEETFLK,22,3,815.42413475,815.4219,4,42.41,0.000317042,5.73995e-05,0.41367536783218384
139,160,LVRPEVDVMCTAFHDNEETFLK,22,3,652.540763,652.5391,5,14.9,0.00395263,0.0323592,0.41367536783218384
139,160,LVRPEVDVMCTAFHDNEETFLK,22,3,652.540763,652.5391,5,28.3,0.000317042,0.0014793,0.41367536783218384
139,160,LVRPEVDVMCTAFHDNEETFLK,22,3,815.42413475,815.4221,4,23.8,0.00107351,0.00417022,0.41367536783218384
139,160,LVRPEVDVMCTAFHDNEETFLK,22,3,652.540763,652.5393,5,18.65,0.00232819,0.0136355,0.41367536783218384
139,160,LVRPEVDVMCTAFHDNEETFLK,22,3,815.42413475,815.4224,4,44.1,0.000217101,3.88927e-05,0.41367536783218384
139,160,LVRPEVDVMCTAFHDNEETFLK,22,3,815.42413475,815.4227,4,15.15,0.00378903,0.0305208,0.41367536783218384
139,160,LVRPEVDVMCTAFHDNEETFLK,22,3,815.42413475,815.4229,4,53.77,0.0,4.2019e-06,0.41367536783218384
139,160,LVRPEVDVMCTAFHDNEETFLK,22,3,1086.896421,1086.8951,3,39.4,0.000317042,0.000114731,0.41367536783218384
139,160,LVRPEVDVMCTAFHDNEETFLK,22,3,652.540763,652.54,5,19.68,0.00226768,0.0107599,0.41367536783218384
139,160,LVRPEVDVMCTAFHDNEETFLK,22,3,652.540763,652.54,5,17.08,0.00302199,0.0195902,0.41367536783218384
139,160,LVRPEVDVMCTAFHDNEETFLK,22,3,652.540763,652.54,5,29.8,0.000317042,0.00104778,0.41367536783218384
139,160,LVRPEVDVMCTAFHDNEETFLK,22,3,815.42413475,815.4237,4,18.66,0.00232819,0.0136078,0.41367536783218384
139,160,LVRPEVDVMCTAFHDNEETFLK,22,3,815.42413475,815.4265,4,18.69,0.00232819,0.0135157,0.41367536783218384
139,160,LVRPEVDVMCTAFHDNEETFLK,22,3,815.42413475,815.4273,4,30.4,0.000317042,0.000912887,0.41367536783218384
1130,1157,EVTSDSGSIVVSGLTPGVEYVYTIQVLR,28,1,1091.59043133333,1091.585,3,16.93,0.00302199,0.0202684,0.28453579545021057
139,160,LVRPEVDVMCTAFHDNEETFLK,22,4,819.4228645,819.4181,4,26.13,0.000490081,0.00243667,0.41367536783218384
139,160,LVRPEVDVMCTAFHDNEETFLK,22,4,819.4228645,819.4199,4,21.13,0.0014445,0.00771047,0.41367536783218384
139,160,LVRPEVDVMCTAFHDNEETFLK,22,4,1092.22806066667,1092.2275,3,37.3,0.000317042,0.000186407,0.41367536783218384
1169,1197,AGLELGAEPETIVNSGLISPEGLAIDHIR,29,1,1092.597786,1092.5997,3,113.02,0.0,4.99164e-12,0.419397234916687
356,377,DILATNGVIHYIDELLIPDSAK,22,3,665.3863134,665.3861,5,26.3,0.000490081,0.00234279,0.5422221422195435
41,61,FGSYCPTTCGIADFLSTYQTK,21,5,833.17918525,833.18,4,25.32,0.000659472,0.00293974,0.36919236183166504
36,59,LLEQEFADVIVKPHDPATVDEVLR,24,2,836.21957925,836.2186,4,52.02,0.0,6.28529e-06,0.25196537375450134
36,59,LLEQEFADVIVKPHDPATVDEVLR,24,2,1114.62368033333,1114.6238,3,35.59,0.000317042,0.000275757,0.25196537375450134
1170,1197,VVTPLSPPTNLHLEANPDTGVLTVSWER,28,1,837.45416775,837.4484,4,33.79,0.000317042,0.000418289,0.1860426664352417
1170,1197,VVTPLSPPTNLHLEANPDTGVLTVSWER,28,1,837.45416775,837.45,4,28.48,0.000317042,0.00141748,0.1860426664352417
1170,1197,VVTPLSPPTNLHLEANPDTGVLTVSWER,28,1,837.45416775,837.4506,4,38.97,0.000317042,0.000126755,0.1860426664352417
1170,1197,VVTPLSPPTNLHLEANPDTGVLTVSWER,28,1,837.45416775,837.4537,4,41.56,0.000317042,6.98601e-05,0.1860426664352417
1170,1197,VVTPLSPPTNLHLEANPDTGVLTVSWER,28,1,1116.26979833333,1116.2708,3,32.25,0.000317042,0.000596296,0.1860426664352417
1170,1197,VVTPLSPPTNLHLEANPDTGVLTVSWER,28,1,1116.26979833333,1116.2737,3,17.63,0.0028209,0.0172528,0.1860426664352417
811,842,DLTGPAGEAGPPGPPGLQGPPGPAGPPGSPGK,32,2,848.95692975,848.9576,4,22.71,0.00125363,0.00535976,0.9223667979240417
1394,1419,GDQDATMSILDISMMTGFAPDTDDLK,26,2,1132.88715366667,1132.8824,3,32.39,0.000317042,0.000577098,0.7439718246459961
575,602,GPEGPQGPPGHQGPPGPDECEILDIIMK,28,3,1177.600446,1177.5986,3,26.86,0.000490081,0.00205898,0.9973751306533813
480,507,VLSTLNVLVTPELLETGVECTASNDLGK,28,3,895.9955495,895.9929,4,28.35,0.000317042,0.00146054,0.2101987600326538
480,507,VLSTLNVLVTPELLETGVECTASNDLGK,28,3,1194.324974,1194.3248,3,33.34,0.000317042,0.000463341,0.2101987600326538
767,797,TEWTPAPGPVDAYEIQFIPTTEGASPPFTAR,31,1,1217.615522,1217.6149,3,15.98,0.00348268,0.025228,0.5034172534942627
767,797,TEWTPAPGPVDAYEIQFIPTTEGASPPFTAR,31,1,1217.615522,1217.6188,3,21.04,0.0014445,0.00787712,0.5034172534942627
298,330,CFSIDNPGYEPEVVAVHPGGDTVAIGGVDGNVR,33,2,1234.61056766667,1234.6123,3,96.19,0.0,2.40385e-10,0.2957696318626404
1425,1456,YPPPAVESDAADIVFLIDSSEGVRPDGFAHIR,32,1,936.98482275,936.983,4,36.43,0.000317042,0.000227596,0.9812387228012085
1425,1456,YPPPAVESDAADIVFLIDSSEGVRPDGFAHIR,32,1,936.98482275,936.9833,4,34.79,0.000317042,0.000331547,0.9812387228012085
1425,1456,YPPPAVESDAADIVFLIDSSEGVRPDGFAHIR,32,1,936.98482275,936.9835,4,38.07,0.000317042,0.00015596,0.9812387228012085
1425,1456,YPPPAVESDAADIVFLIDSSEGVRPDGFAHIR,32,1,749.7893134,749.7885,5,19.11,0.00227833,0.0122742,0.9812387228012085
1425,1456,YPPPAVESDAADIVFLIDSSEGVRPDGFAHIR,32,1,936.98482275,936.9839,4,37.7,0.000317042,0.00016975,0.9812387228012085
1425,1456,YPPPAVESDAADIVFLIDSSEGVRPDGFAHIR,32,1,624.992307166667,624.9917,6,28.75,0.000317042,0.0013337,0.9812387228012085
1425,1456,YPPPAVESDAADIVFLIDSSEGVRPDGFAHIR,32,1,749.7893134,749.7886,5,24.37,0.000900728,0.00365821,0.9812387228012085
1425,1456,YPPPAVESDAADIVFLIDSSEGVRPDGFAHIR,32,1,749.7893134,749.7889,5,21.19,0.0014445,0.00760383,0.9812387228012085
1425,1456,YPPPAVESDAADIVFLIDSSEGVRPDGFAHIR,32,1,749.7893134,749.7889,5,23.72,0.00124685,0.00424357,0.9812387228012085
1425,1456,YPPPAVESDAADIVFLIDSSEGVRPDGFAHIR,32,1,936.98482275,936.985,4,16.97,0.00302199,0.0201082,0.9812387228012085
1425,1456,YPPPAVESDAADIVFLIDSSEGVRPDGFAHIR,32,1,749.7893134,749.79,5,22.74,0.00125363,0.00531575,0.9812387228012085
1425,1456,YPPPAVESDAADIVFLIDSSEGVRPDGFAHIR,32,1,749.7893134,749.79,5,22.88,0.00125363,0.00514959,0.9812387228012085
1425,1456,YPPPAVESDAADIVFLIDSSEGVRPDGFAHIR,32,1,749.7893134,749.79,5,23.8,0.00107351,0.00417256,0.9812387228012085
1425,1456,YPPPAVESDAADIVFLIDSSEGVRPDGFAHIR,32,1,749.7893134,749.7903,5,30.54,0.000317042,0.000883053,0.9812387228012085
450,478,LNQNDQLLSVPDVINCLTTTYDGLEQMHK,29,3,992.76429125,992.7623,4,32.75,0.000317042,0.000530828,0.19522742927074432
237,265,KVPDGLPSALEQLYMEHNNVYTVPDSYFR,29,2,998.5184455,998.5159,4,52.27,0.0,5.92601e-06,0.47660574316978455
157,185,IQCAAGYEQSEHNVCQDIDECTAGTHNCR,29,6,807.1647924,807.1647,5,47.74,0.0,1.68212e-05,0.23858283460140228
1425,1456,YPPPAVESDAADIVFLIDSSEGVRPDGFAHIR,32,2,810.630384,810.63,5,21.48,0.00137579,0.00711916,0.9812387228012085
74,109,IECQDVLDCADPVTPPGECCPVCSQTPGGGNTNFGR,36,6,1067.97339375,1067.9725,4,30.63,0.000317042,0.000864093,0.48183244466781616
296,332,NADVNELQEIASEPDSTHVYNVAEFDLMHTVVESLTR,37,1,896.2412298,896.24,5,46.19,0.0,2.40195e-05,0.21909528970718384
296,332,NADVNELQEIASEPDSTHVYNVAEFDLMHTVVESLTR,37,1,896.2412298,896.2415,5,31.92,0.000317042,0.000642821,0.21909528970718384
296,332,NADVNELQEIASEPDSTHVYNVAEFDLMHTVVESLTR,37,1,896.2412298,896.2424,5,24.03,0.000900728,0.00395078,0.21909528970718384
296,332,NADVNELQEIASEPDSTHVYNVAEFDLMHTVVESLTR,37,1,896.2412298,896.2445,5,27.94,0.000317042,0.00160517,0.21909528970718384
112,152,AIHVHQFGDLSQGCESTGPHYNPLAVPHPQHPGDFGNFAVR,41,3,729.368122428571,729.3643,7,43.83,0.000217101,4.13904e-05,0.36096498370170593
9,52,VLPGIAAAFHPGLAAAASARASSWWTHVEMGPPDPILGVTEAFK,44,3,854.459938166667,854.4647,6,22.43,0.00125363,0.00571862,0.19637048244476318
767,805,VTYMTAQGDPEEEVIGTVMVPGSQNNLLLKPLLPDTEYK,39,3,1301.44847625,1301.4458,4,42.04,0.000317042,6.25413e-05,0.2985635995864868
115,154,MGCVLIGPSCTYSTFQMYLDTELSYPMISAGSFGLSCDYK,40,8,1374.408914,1374.4,4,17.94,0.00255428,0.0160539,0.7429413795471191
767,805,VTYMTAQGDPEEEVIGTVMVPGSQNNLLLKPLLPDTEYK,39,4,1377.4998145,1377.4985,4,48.13,0.0,1.53908e-05,0.2985635995864868
443,495,YGGSSNIASLTPGPGMQSPSSYQNNNYGLNMSSPPHGSPGLAPNQQNIMISPR,53,4,1601.0439505,1601.0575,4,39.45,0.000317042,0.000113537,0.6630176901817322
443,495,YGGSSNIASLTPGPGMQSPSSYQNNNYGLNMSSPPHGSPGLAPNQQNIMISPR,53,4,1601.0439505,1601.0575,4,39.45,0.000317042,0.000113537,0.6630176901817322
443,495,YGGSSNIASLTPGPGMQSPSSYQNNNYGLNMSSPPHGSPGLAPNQQNIMISPR,53,4,1601.0439505,1601.0575,4,39.45,0.000317042,0.000113537,0.6630176901817322
443,495,YGGSSNIASLTPGPGMQSPSSYQNNNYGLNMSSPPHGSPGLAPNQQNIMISPR,53,4,1601.0439505,1601.0575,4,39.45,0.000317042,0.000113537,0.6630176901817322
443,495,YGGSSNIASLTPGPGMQSPSSYQNNNYGLNMSSPPHGSPGLAPNQQNIMISPR,53,4,1601.0439505,1601.0575,4,39.45,0.000317042,0.000113537,0.6630176901817322
443,495,YGGSSNIASLTPGPGMQSPSSYQNNNYGLNMSSPPHGSPGLAPNQQNIMISPR,53,4,1601.0439505,1601.0575,4,39.45,0.000317042,0.000113537,0.6630176901817322
