Start,End,Peptide,Peptide_Length,Num_Modifications,Calculated_MZ,Experimental_MZ,Charge,Mascot_Score,Percolator_Q_Value,Percolator_PEP,esm_result,Protein_IDs,Duplicate_Count,Protein_Count
1169,1197,AGLELGAEPETIVNSGLISPEGLAIDHIR,29,1,1092.597786,1092.5997,3,113.02,0.0,4.99164e-12,0.419397234916687,ENSP00000216286.4;ENSP00000452190.1,1,2
112,152,AIHVHQFGDLSQGCESTGPHYNPLAVPHPQHPGDFGNFAVR,41,3,729.368122428571,729.3643,7,43.83,0.000217101,4.13904e-05,0.3609649837017059,ENSP00000371554.3,1,1
28,51,AVAFQDCPVDLFFVLDTSESVALR,24,2,1001.85282133333,1001.8528,3,77.46,0.0,1.79458e-08,0.5342854261398315,ENSP00000355180.3;ENSP00000483630.1,1,2
298,330,CFSIDNPGYEPEVVAVHPGGDTVAIGGVDGNVR,33,2,1234.61056766667,1234.6123,3,96.19,0.0,2.40385e-10,0.2957696318626404,ENSP00000371889.2;ENSP00000371890.2,1,2
613,631,DGEAGAQGPPGPAGPAGER,19,1,665.665952,665.6646,3,41.05,0.000317042,7.84849e-05,0.4355267584323883,ENSP00000225964.5,1,1
356,377,DILATNGVIHYIDELLIPDSAK,22,2,1006.90388766667,1006.9016,3,40.84,0.000317042,8.23511e-05,0.5422221422195435,ENSP00000416330.2;ENSP00000421440.1;ENSP00000423871.1;ENSP00000474155.1,1,4
811,842,DLTGPAGEAGPPGPPGLQGPPGPAGPPGSPGK,32,2,848.95692975,848.9576,4,22.71,0.00125363,0.00535976,0.9223667979240416,ENSP00000369677.4,1,1
141,161,DVAPGTLCDVAGWGIVNHAGR,21,2,823.758527333333,823.7547,3,63.25,0.0,4.72972e-07,0.2674039602279663,ENSP00000332139.4,1,1
1233,1252,DVVFLIDGSQSAGPEFQYVR,20,1,844.440966333333,844.4379,3,56.18,0.0,2.41015e-06,0.6685166954994202,ENSP00000295550.4;ENSP00000315609.4;ENSP00000315873.4;ENSP00000375860.2;ENSP00000375861.3,1,5
138,153,EFADSLGIPFLETSAK,16,2,1167.1460625,1167.1433,2,81.45,0.0,7.16036e-09,0.1739030927419662,ENSP00000310226.6;ENSP00000386451.1;ENSP00000387286.3;ENSP00000435195.1,1,4
534,548,EGVYTVFAPTNEAFR,15,1,669.015922666667,669.0154,3,45.54,0.000217101,2.79444e-05,0.5008907914161682,ENSP00000416330.2;ENSP00000421440.1,1,2
523,542,ELLTQPGDWTLFVPTNDAFK,20,2,967.526654666667,967.5222,3,34.2,0.000317042,0.000379953,0.3342017829418182,ENSP00000369066.4;ENSP00000369067.4;ENSP00000437953.1,1,3
73,91,ENLIYTYIGPVLVSVNPYR,19,1,1257.699094,1257.6975,2,13.74,0.00494782,0.0422878,0.2918249368667602,ENSP00000352834.5;ENSP00000354283.2;ENSP00000458610.1;ENSP00000459271.2;ENSP00000460831.1;ENSP00000461682.1,1,6
438,462,ERGPEEEHLGILGPVIWAEVGDTIR,25,1,769.9146705,769.915,4,26.0,0.000587667,0.00251006,0.2273494005203247,ENSP00000264613.6;ENSP00000418773.1;ENSP00000420545.1,1,3
4053,4074,ERPLNVFCDMETDGGGWLVFQR,22,2,977.47921,977.4747,3,39.45,0.000317042,0.000113392,0.3734939992427826,ENSP00000364393.3;ENSP00000372645.2;ENSP00000387438.1;ENSP00000387561.1;ENSP00000407685.1;ENSP00000447829.1;ENSP00000448326.2;ENSP00000483409.1,1,8
1130,1157,EVTSDSGSIVVSGLTPGVEYVYTIQVLR,28,1,1091.59043133333,1091.585,3,16.93,0.00302199,0.0202684,0.2845357954502105,ENSP00000323534.6;ENSP00000338200.4;ENSP00000348285.4;ENSP00000399538.2,1,4
41,61,FGSYCPTTCGIADFLSTYQTK,21,4,1513.2484185,1513.238,2,14.44,0.00422006,0.0359889,0.369192361831665,ENSP00000336829.3;ENSP00000384101.1,1,2
588,613,FLTHTHGLLGTLNNDPTDDFTLHSGR,26,1,637.5283178,637.527,5,52.95,0.0,5.07477e-06,0.287076324224472,ENSP00000351075.3,1,1
494,510,GALISDQWVLTAAHCFR,17,2,750.398262,750.3979,3,36.22,0.000317042,0.00023859,0.2336022108793258,ENSP00000299367.5;ENSP00000372664.3;ENSP00000410815.1;ENSP00000417482.1;ENSP00000418996.1,1,5
778,794,GDGGPPGMTGFPGAAGR,17,2,911.4464085,911.4457,2,21.42,0.00137579,0.00721083,0.4359013438224792,ENSP00000297268.6,1,1
78,92,GDIGETGVPGAEGPR,15,1,858.44692,858.4462,2,40.76,0.000317042,8.40378e-05,0.325240820646286,ENSP00000320709.2,1,1
1394,1419,GDQDATMSILDISMMTGFAPDTDDLK,26,2,1132.88715366667,1132.8824,3,32.39,0.000317042,0.000577098,0.7439718246459961,ENSP00000245907.4;ENSP00000469744.1,1,2
90,110,GDSGGPLLCAGVAQGIVSYGR,21,2,1169.6099755,1169.6089,2,138.44,0.0,1.43104e-14,0.2157541811466217,ENSP00000206446.4;ENSP00000250378.3,1,2
199,219,GDSGGPLLCNNVAHGIVSYGK,21,3,908.484682666667,908.483,3,59.33,0.0,1.16565e-06,0.3724415302276611,ENSP00000216336.2,1,1
321,338,GEAGPTGPMGAMGPLGPR,18,1,979.000478,978.9966,2,32.97,0.000317042,0.000504841,0.1724088639020919,ENSP00000364000.3,1,1
265,282,GEIGAVGNAGPAGPAGPR,18,1,926.5025535,926.5007,2,91.77,0.0,6.65126e-10,0.3176385164260864,ENSP00000297268.6,1,1
748,777,GENGVVGPTGPVGAAGPAGPNGPPGPAGSR,30,1,952.494911333333,952.4871,3,19.73,0.00226768,0.0106516,0.9957473874092102,ENSP00000297268.6,1,1
1350,1367,GEQGFMGNTGPTGAVGDR,18,1,1027.9969915,1027.9913,2,77.74,0.0,1.68382e-08,0.947540283203125,ENSP00000353654.5,1,1
971,984,GFPGLPGPSGEPGK,14,2,635.694521666667,635.6907,3,18.38,0.00244909,0.0145188,0.5066815614700317,ENSP00000225964.5;ENSP00000338213.6,1,2
575,602,GPEGPQGPPGHQGPPGPDECEILDIIMK,28,3,1177.600446,1177.5986,3,26.86,0.000490081,0.00205898,0.9973751306533812,ENSP00000355180.3;ENSP00000483630.1,1,2
995,1014,GPPGPMGPPGLAGPPGESGR,20,1,697.031583333333,697.0327,3,56.33,0.0,2.32599e-06,0.8627196550369263,ENSP00000225964.5,1,1
213,233,GSELWLGVDALGLNIYEQNDR,21,1,889.462415,889.462,3,65.91,0.0,2.56379e-07,0.4323407411575317,ENSP00000353408.5,1,1
130,150,GSFTYFAPSNEAWDNLDSDIR,21,1,1355.1403325,1355.1385,2,23.39,0.00125363,0.00458613,0.6327301859855652,ENSP00000369066.4;ENSP00000369067.4;ENSP00000437953.1,1,3
935,958,GSPGADGPAGAPGTPGPQGIAGQR,24,1,1189.11173,1189.1132,2,52.57,0.0,5.53702e-06,0.9355474710464478,ENSP00000225964.5,1,1
1009,1031,GVYSSDVFDIFPGTYQTLEMFPR,23,1,1487.2359365,1487.2332,2,27.88,0.000317042,0.00163025,0.2290430814027786,ENSP00000264613.6;ENSP00000420367.1;ENSP00000420545.1,1,3
382,406,HVIILMTDGLHNMGGDPITVIDEIR,25,1,766.66226725,766.66,4,47.13,0.0,1.93454e-05,0.6262465715408325,ENSP00000364592.3;ENSP00000382862.1;ENSP00000388352.2;ENSP00000410815.1;ENSP00000418996.1,1,5
74,109,IECQDVLDCADPVTPPGECCPVCSQTPGGGNTNFGR,36,6,1067.97339375,1067.9725,4,30.63,0.000317042,0.000864093,0.4818324446678161,ENSP00000364000.3,1,1
157,185,IQCAAGYEQSEHNVCQDIDECTAGTHNCR,29,6,807.1647924,807.1647,5,47.74,0.0,1.68212e-05,0.2385828346014022,ENSP00000347596.3;ENSP00000489183.1,1,2
799,819,KAEEEHLGILGPQLHADVGDK,21,3,792.949945,792.947,4,43.35,0.000217101,4.62624e-05,0.2447525411844253,ENSP00000264613.6;ENSP00000418773.1;ENSP00000420545.1,1,3
237,265,KVPDGLPSALEQLYMEHNNVYTVPDSYFR,29,2,998.5184455,998.5159,4,52.27,0.0,5.92601e-06,0.4766057431697845,ENSP00000347041.4,1,1
94,120,LFENQLVGPESIAHIGDVMFTGTADGR,27,1,795.4090665,795.4052,4,14.23,0.00444042,0.0377432,0.3656216263771057,ENSP00000217456.2,1,1
2683,2697,LHQMSVADSGEYVCR,15,3,691.332929,691.3328,3,47.57,0.0,1.75051e-05,0.2632301449775696,ENSP00000363827.3,1,1
649,670,LKPDTPYTITVSSLYPDGEGGR,22,2,992.204236333333,992.2012,3,84.21,0.0,3.78894e-09,0.3104697465896606,ENSP00000305147.9;ENSP00000325146.8;ENSP00000393217.1;ENSP00000412864.2,1,4
36,59,LLEQEFADVIVKPHDPATVDEVLR,24,2,836.21957925,836.2186,4,52.02,0.0,6.28529e-06,0.2519653737545013,ENSP00000271835.3,1,1
450,478,LNQNDQLLSVPDVINCLTTTYDGLEQMHK,29,3,992.76429125,992.7623,4,32.75,0.000317042,0.000530828,0.1952274292707443,ENSP00000356496.4;ENSP00000356515.3,1,2
1619,1641,LPGDIQVVPIGVGPNANVQELER,23,1,906.841235,906.8415,3,27.79,0.000409476,0.00166154,0.667452871799469,ENSP00000261405.5,1,1
139,160,LVRPEVDVMCTAFHDNEETFLK,22,3,815.42413475,815.419,4,22.15,0.00125363,0.00608953,0.4136753678321838,ENSP00000295897.4;ENSP00000392541.1;ENSP00000422784.1;ENSP00000480485.1,1,4
422,443,MDWLVPATCEPIQSVFFFSGDK,22,3,1061.54321566667,1061.54,3,18.44,0.00239535,0.0143096,0.8514977693557739,ENSP00000226218.4;ENSP00000452347.3,1,2
115,154,MGCVLIGPSCTYSTFQMYLDTELSYPMISAGSFGLSCDYK,40,8,1374.408914,1374.4,4,17.94,0.00255428,0.0160539,0.7429413795471191,ENSP00000261170.3,1,1
296,332,NADVNELQEIASEPDSTHVYNVAEFDLMHTVVESLTR,37,1,896.2412298,896.24,5,46.19,0.0,2.40195e-05,0.2190952897071838,ENSP00000297848.3;ENSP00000311809.4;ENSP00000409461.1;ENSP00000428851.1;ENSP00000429123.1,1,5
1232,1252,RDVVFLIDGSQSAGPEFQYVR,21,1,896.474668,896.4747,3,20.84,0.00150385,0.00823722,0.5933559536933899,ENSP00000295550.4;ENSP00000315609.4;ENSP00000315873.4;ENSP00000375860.2;ENSP00000375861.3,1,5
1063,1084,SGDRGETGPAGPAGPVGPVGAR,22,1,756.066236,756.0618,3,39.69,0.000317042,0.000107421,0.8878052234649658,ENSP00000225964.5,1,1
224,236,SLILLDLSYNHLR,13,1,621.033124333333,621.0305,3,30.88,0.000317042,0.00081634,0.2448393851518631,ENSP00000347041.4,1,1
767,797,TEWTPAPGPVDAYEIQFIPTTEGASPPFTAR,31,1,1217.615522,1217.6149,3,15.98,0.00348268,0.025228,0.5034172534942627,ENSP00000364393.3;ENSP00000372645.2;ENSP00000387561.1;ENSP00000393091.1;ENSP00000399153.1;ENSP00000447829.1;ENSP00000447841.1,1,7
39,58,TFYEPGEEITYSCKPGYVSR,20,3,997.838783333333,997.8379,3,36.87,0.000317042,0.000205444,0.1767009943723678,ENSP00000205948.6;ENSP00000464301.1,1,2
271,293,TLEGPVPLEVIVIDQNDNRPIFR,23,1,980.214958333333,980.2101,3,18.99,0.00227833,0.0126146,0.2104345858097076,ENSP00000268613.10;ENSP00000394557.3,1,2
950,969,TTLTGLRPGTEYGIGVSAVK,20,2,876.844205333333,876.8422,3,22.8,0.00125363,0.00524439,0.2297901064157486,ENSP00000265131.4;ENSP00000411406.2;ENSP00000438152.2;ENSP00000443478.1,1,4
9,52,VLPGIAAAFHPGLAAAASARASSWWTHVEMGPPDPILGVTEAFK,44,3,854.459938166667,854.4647,6,22.43,0.00125363,0.00571862,0.1963704824447631,ENSP00000245206.5;ENSP00000394100.2,1,2
480,507,VLSTLNVLVTPELLETGVECTASNDLGK,28,3,895.9955495,895.9929,4,28.35,0.000317042,0.00146054,0.2101987600326538,ENSP00000264036.4,1,1
767,805,VTYMTAQGDPEEEVIGTVMVPGSQNNLLLKPLLPDTEYK,39,3,1301.44847625,1301.4458,4,42.04,0.000317042,6.25413e-05,0.2985635995864868,ENSP00000297848.3;ENSP00000311809.4;ENSP00000409461.1,1,3
1170,1197,VVTPLSPPTNLHLEANPDTGVLTVSWER,28,1,837.45416775,837.4484,4,33.79,0.000317042,0.000418289,0.1860426664352417,ENSP00000323534.6;ENSP00000338200.4;ENSP00000348285.4;ENSP00000399538.2,1,4
443,495,YGGSSNIASLTPGPGMQSPSSYQNNNYGLNMSSPPHGSPGLAPNQQNIMISPR,53,4,1601.0439505,1601.0575,4,39.45,0.000317042,0.000113537,0.6630176901817322,ENSP00000361065.3,1,1
1425,1456,YPPPAVESDAADIVFLIDSSEGVRPDGFAHIR,32,1,936.98482275,936.983,4,36.43,0.000317042,0.000227596,0.9812387228012084,ENSP00000295550.4;ENSP00000315609.4;ENSP00000315873.4,1,3
